02/01/2023,Old,Honda,142QVTSIUR,On-hand
02/01/2023,Old,Honda,PZCT1S00XE,Sold
02/01/2023,Old,Honda,4VBTV8YNM7,Sold
02/01/2023,Old,Honda,95AN3AWVF4,On-hand
02/03/2023,Old,Kawasaki,483QHIM661,On-hand
02/03/2023,Old,Kymco,SPHA17SSEE,On-hand
02/03/2023,Old,Kymco,0AV7SWGX93,Sold
02/04/2023,Old,Kymco,QMUB6UYLKL,Sold
02/04/2023,Old,Honda,V96GMTFFEI,Sold
02/05/2023,Old,Kawasaki,4J8UA0FMVY,Sold
02/05/2023,Old,Kawasaki,A8BDL926FA,Sold
02/05/2023,Old,Kawasaki,X8G5ZZ7A69,Sold
02/06/2023,Old,Honda,TY5SU0WPDX,On-hand
02/06/2023,Old,Honda,5Q0EZG7WKB,On-hand
02/06/2023,Old,Suzuki,9XUOUOJ2XZ,On-hand
02/06/2023,Old,Kymco,YUL4UTC4FU,On-hand
02/06/2023,Old,Kymco,2ESQRHAXWG,On-hand
02/07/2023,Old,Kymco,J8JA99VWZE,Sold
02/07/2023,Old,Kymco,NS530HOT9H,Sold
02/07/2023,Old,Suzuki,URIA0XXM05,Sold
02/07/2023,Old,Yamaha,IDN93SI4KW,Sold
02/07/2023,Old,Honda,PVAWKD51CE,Sold
02/07/2023,Old,Honda,K4KHCQAU41,Sold
02/08/2023,Old,Honda,Z4NY5JGZZT,Sold
02/08/2023,Old,Honda,IRQACSKUNZ,Sold
02/08/2023,Old,Yamaha,TMZCTALNDL,Sold
02/08/2023,Old,Yamaha,DVFUIA0YVB,Sold
02/08/2023,Old,Kymco,4M793VVAHI,On-hand
02/08/2023,Old,Suzuki,5N7IQVJ2BA,On-hand
03/01/2023,New,Suzuki,NO8VW05PU9,On-hand
03/01/2023,New,Yamaha,NWIP2MQEIN,Sold
03/01/2023,New,Kawasaki,1HCWCVZSX8,Sold
03/03/2023,New,Kawasaki,Z46VKPIJBY,Sold
03/03/2023,New,Kawasaki,LYQVEHJ6IU,Sold
03/03/2023,New,Yamaha,BVGQQNMATL,Sold
03/04/2023,New,Kymco,URWMSQZCBU,Sold
03/04/2023,New,Yamaha,5NGI5UZ8T2,On-hand
03/05/2023,New,Honda,W2UYM0EIRS,On-hand
03/05/2023,New,Honda,AITLTSJUK2,On-hand
03/05/2023,New,Yamaha,45CNYV7IFF,On-hand
03/06/2023,New,Kymco,MXS36NKV96,Sold
03/06/2023,New,Kymco,PWM3MJWPYE,Sold
03/06/2023,New,Kymco,5I80N9HB7W,Sold
03/06/2023,New,Yamaha,D01JMJL9PG,On-hand
03/06/2023,New,Suzuki,1R88BOJW8W,On-hand
03/07/2023,New,Suzuki,LAMH9Y1YD6,On-hand
03/07/2023,New,Yamaha,02G7NJCRGS,On-hand
